agents,workload,repeat,write_ops,read_ops,seconds,write_ops_per_second,cas_retries,retries_per_write,sampled_write_ns,sampled_read_ns,freezes,correct,atomic_u64_lock_free
1,hot_edge,0,100000,25000,0.00491,2.03666e+07,0,0,39.9552,122.949,2,1,1
1,hot_edge,1,100000,25000,0.00529738,1.88773e+07,0,0,43.2265,134.042,3,1,1
1,hot_edge,2,100000,25000,0.00487025,2.05328e+07,0,0,36.1766,112.681,2,1,1
2,hot_edge,0,200000,50000,0.00797617,2.50747e+07,39572,0.19786,70.3263,96.7582,4,1,1
2,hot_edge,1,200000,50000,0.00947392,2.11106e+07,53141,0.265705,72.9219,113.214,4,1,1
2,hot_edge,2,200000,50000,0.00773154,2.58681e+07,38603,0.193015,73.5032,97.9491,4,1,1
4,hot_edge,0,400000,100000,0.0266236,1.50243e+07,566581,1.41645,190.835,267.413,11,1,1
4,hot_edge,1,400000,100000,0.0264579,1.51183e+07,603735,1.50934,203.031,204.694,11,1,1
4,hot_edge,2,400000,100000,0.025325,1.57947e+07,536257,1.34064,178.768,183.927,10,1,1
8,hot_edge,0,800000,200000,0.149977,5.33415e+06,2976084,3.72011,1273.2,874.64,58,1,1
8,hot_edge,1,800000,200000,0.167455,4.7774e+06,3463612,4.32951,1553.88,770.064,65,1,1
8,hot_edge,2,800000,200000,0.161977,4.93898e+06,3284066,4.10508,1446.45,853.871,63,1,1
16,hot_edge,0,1600000,400000,0.351374,4.55356e+06,7764407,4.85275,1732.36,5711.59,125,1,1
16,hot_edge,1,1600000,400000,0.346124,4.62263e+06,7563011,4.72688,1679.66,4565.06,129,1,1
16,hot_edge,2,1600000,400000,0.335143,4.77409e+06,7159552,4.47472,1642.27,6113.37,124,1,1
1,disjoint,0,100000,25000,0.00177508,5.63354e+07,0,0,20.7908,39.5227,1,1,1
1,disjoint,1,100000,25000,0.00169975,5.88322e+07,0,0,21.6142,38.8887,1,1,1
1,disjoint,2,100000,25000,0.00170121,5.87818e+07,0,0,21.8644,38.4619,1,1,1
2,disjoint,0,200000,50000,0.00865946,2.30961e+07,0,0,59.3458,139.797,4,1,1
2,disjoint,1,200000,50000,0.00837329,2.38855e+07,0,0,57.0998,138.434,4,1,1
2,disjoint,2,200000,50000,0.00817317,2.44703e+07,0,0,62.6004,139.817,4,1,1
4,disjoint,0,400000,100000,0.0211206,1.89389e+07,0,0,152.776,321.479,9,1,1
4,disjoint,1,400000,100000,0.0210764,1.89786e+07,0,0,171.208,241.955,9,1,1
4,disjoint,2,400000,100000,0.0209227,1.9118e+07,0,0,172.655,244.112,9,1,1
8,disjoint,0,800000,200000,0.0666802,1.19976e+07,0,0,216.707,1809.53,27,1,1
8,disjoint,1,800000,200000,0.0678657,1.1788e+07,0,0,228.878,1796.75,27,1,1
8,disjoint,2,800000,200000,0.0676473,1.1826e+07,0,0,219.149,1838.12,27,1,1
16,disjoint,0,1600000,400000,0.154287,1.03703e+07,0,0,362.148,4954.4,60,1,1
16,disjoint,1,1600000,400000,0.131201,1.2195e+07,0,0,230.688,4469.07,52,1,1
16,disjoint,2,1600000,400000,0.158158,1.01165e+07,0,0,366.307,4872.97,62,1,1
1,uniform,0,100000,25000,0.00242533,4.12315e+07,0,0,22.6532,68.794,1,1,1
1,uniform,1,100000,25000,0.00239558,4.17435e+07,0,0,22.604,58.9399,1,1,1
1,uniform,2,100000,25000,0.00237758,4.20595e+07,0,0,23.2892,58.4984,1,1,1
2,uniform,0,200000,50000,0.00780179,2.56351e+07,0,0,55.9687,179.649,3,1,1
2,uniform,1,200000,50000,0.00771062,2.59382e+07,0,0,56.7415,171.424,3,1,1
2,uniform,2,200000,50000,0.0077905,2.56723e+07,0,0,57.3519,168.893,3,1,1
4,uniform,0,400000,100000,0.0181637,2.2022e+07,0,0,146.116,323.383,7,1,1
4,uniform,1,400000,100000,0.0183535,2.17942e+07,0,0,152.001,311.877,8,1,1
4,uniform,2,400000,100000,0.018003,2.22186e+07,3,7.5e-06,143.859,319.024,7,1,1
8,uniform,0,800000,200000,0.111578,7.16985e+06,98,0.0001225,503.842,2161.98,42,1,1
8,uniform,1,800000,200000,0.111515,7.17391e+06,61,7.625e-05,493.346,2199.45,43,1,1
8,uniform,2,800000,200000,0.111787,7.15649e+06,80,0.0001,501.106,2123.68,43,1,1
16,uniform,0,1600000,400000,0.248786,6.43124e+06,140,8.75e-05,715.058,5985.84,92,1,1
16,uniform,1,1600000,400000,0.25175,6.35551e+06,174,0.00010875,731.95,6338.69,96,1,1
16,uniform,2,1600000,400000,0.246467,6.49175e+06,105,6.5625e-05,703.715,6196.52,94,1,1
